data,stato,codice_regione,denominazione_regione,codice_provincia,denominazione_provincia,sigla_provincia,lat,long,totale_casi,note_it,note_en
2020-04-24T17:00:00,ITA,13,Abruzzo,69,Chieti,CH,42.35103167,14.16754574,687,,
2020-04-24T17:00:00,ITA,13,Abruzzo,66,L'Aquila,AQ,42.35122196,13.39843823,241,,
2020-04-24T17:00:00,ITA,13,Abruzzo,68,Pescara,PE,42.46458398,14.21364822,1244,,
2020-04-24T17:00:00,ITA,13,Abruzzo,67,Teramo,TE,42.6589177,13.70439971,631,,
2020-04-24T17:00:00,ITA,17,Basilicata,77,Matera,MT,40.66751177,16.59792442,185,,
2020-04-24T17:00:00,ITA,17,Basilicata,76,Potenza,PZ,40.63947052,15.80514834,175,,
2020-04-24T17:00:00,ITA,4,P.A. Bolzano,21,Bolzano,BZ,46.49933453,11.35662422,2456,,
2020-04-24T17:00:00,ITA,18,Calabria,79,Catanzaro,CZ,38.90597598,16.59440194,201,,
2020-04-24T17:00:00,ITA,18,Calabria,78,Cosenza,CS,39.29308681,16.25609692,439,,
2020-04-24T17:00:00,ITA,18,Calabria,101,Crotone,KR,39.08036878,17.12538864,117,,
2020-04-24T17:00:00,ITA,18,Calabria,80,Reggio di Calabria,RC,38.10922769,15.643452700000001,248,,
2020-04-24T17:00:00,ITA,18,Calabria,102,Vibo Valentia,VV,38.67624147,16.10157414,72,,
2020-04-24T17:00:00,ITA,15,Campania,64,Avellino,AV,40.91404699,14.79528803,434,,
2020-04-24T17:00:00,ITA,15,Campania,62,Benevento,BN,41.12969987,14.78151683,175,,
2020-04-24T17:00:00,ITA,15,Campania,61,Caserta,CE,41.07465878,14.33240464,407,,
2020-04-24T17:00:00,ITA,15,Campania,63,Napoli,NA,40.83956555,14.25084984,2334,,
2020-04-24T17:00:00,ITA,15,Campania,65,Salerno,SA,40.67821961,14.759402599999998,643,,
2020-04-24T17:00:00,ITA,8,Emilia-Romagna,37,Bologna,BO,44.49436681,11.341720800000001,4033,,
2020-04-24T17:00:00,ITA,8,Emilia-Romagna,38,Ferrara,FE,44.83599085,11.61868934,877,,
2020-04-24T17:00:00,ITA,8,Emilia-Romagna,40,Forli-Cesena,FC,44.22268559,12.04068608,1485,,
2020-04-24T17:00:00,ITA,8,Emilia-Romagna,36,Modena,MO,44.64600009,10.92615487,3519,,
2020-04-24T17:00:00,ITA,8,Emilia-Romagna,34,Parma,PR,44.80107394,10.32834985,3011,,
2020-04-24T17:00:00,ITA,8,Emilia-Romagna,33,Piacenza,PC,45.05193462,9.692632596000001,3635,,
2020-04-24T17:00:00,ITA,8,Emilia-Romagna,39,Ravenna,RA,44.41722493,12.19913936,963,,
2020-04-24T17:00:00,ITA,8,Emilia-Romagna,35,Reggio nell'Emilia,RE,44.69735289,10.63007973,4520,,
2020-04-24T17:00:00,ITA,8,Emilia-Romagna,99,Rimini,RN,44.06090087,12.5656295,1927,,
2020-04-24T17:00:00,ITA,6,Friuli Venezia Giulia,31,Gorizia,GO,45.94149817,13.62212502,168,,
2020-04-24T17:00:00,ITA,6,Friuli Venezia Giulia,93,Pordenone,PN,45.95443546,12.66002909,612,,
2020-04-24T17:00:00,ITA,6,Friuli Venezia Giulia,32,Trieste,TS,45.6494354,13.76813649,1164,,
2020-04-24T17:00:00,ITA,6,Friuli Venezia Giulia,30,Udine,UD,46.06255516,13.2348383,935,,
2020-04-24T17:00:00,ITA,12,Lazio,60,Frosinone,FR,41.63964569,13.35117161,547,,
2020-04-24T17:00:00,ITA,12,Lazio,59,Latina,LT,41.46759465,12.90368482,454,,
2020-04-24T17:00:00,ITA,12,Lazio,57,Rieti,RI,42.40488444,12.86205939,312,,
2020-04-24T17:00:00,ITA,12,Lazio,58,Roma,RM,41.89277044,12.48366722,4361,,
2020-04-24T17:00:00,ITA,12,Lazio,56,Viterbo,VT,42.4173828,12.10473416,372,,
2020-04-24T17:00:00,ITA,7,Liguria,10,Genova,GE,44.41149314,8.9326992,4092,,
2020-04-24T17:00:00,ITA,7,Liguria,8,Imperia,IM,43.88570648,8.027850297999999,1214,,
2020-04-24T17:00:00,ITA,7,Liguria,11,La Spezia,SP,44.10704991,9.8281897,809,,
2020-04-24T17:00:00,ITA,7,Liguria,9,Savona,SV,44.30750461,8.481108654,1053,,
2020-04-24T17:00:00,ITA,3,Lombardia,16,Bergamo,BG,45.69441368,9.668424528,11002,,
2020-04-24T17:00:00,ITA,3,Lombardia,17,Brescia,BS,45.53993052,10.21910323,12475,,
2020-04-24T17:00:00,ITA,3,Lombardia,13,Como,CO,45.8099912,9.085159546,2871,,
2020-04-24T17:00:00,ITA,3,Lombardia,19,Cremona,CR,45.13336675,10.02420865,5867,,
2020-04-24T17:00:00,ITA,3,Lombardia,97,Lecco,LC,45.85575781,9.393392246,2149,,
2020-04-24T17:00:00,ITA,3,Lombardia,98,Lodi,LO,45.31440693,9.503720769,2836,,
2020-04-24T17:00:00,ITA,3,Lombardia,20,Mantova,MN,45.15726772,10.79277363,3057,,
2020-04-24T17:00:00,ITA,3,Lombardia,15,Milano,MI,45.46679409,9.190347404,17689,,
2020-04-24T17:00:00,ITA,3,Lombardia,108,Monza e della Brianza,MB,45.58439043,9.273582472000001,4372,,
2020-04-24T17:00:00,ITA,3,Lombardia,18,Pavia,PV,45.18509264,9.160157191,3991,,
2020-04-24T17:00:00,ITA,3,Lombardia,14,Sondrio,SO,46.17099261,9.87147489,1088,,
2020-04-24T17:00:00,ITA,3,Lombardia,12,Varese,VA,45.81701677,8.822868344,2376,,
2020-04-24T17:00:00,ITA,11,Marche,42,Ancona,AN,43.61675973,13.5188753,1785,,
2020-04-24T17:00:00,ITA,11,Marche,44,Ascoli Piceno,AP,42.85322304,13.57691127,275,,
2020-04-24T17:00:00,ITA,11,Marche,109,Fermo,FM,43.16058534,13.71839535,412,,
2020-04-24T17:00:00,ITA,11,Marche,43,Macerata,MC,43.30023926,13.45307182,976,,
2020-04-24T17:00:00,ITA,11,Marche,41,Pesaro e Urbino,PU,43.91014021,12.91345989,2401,,
2020-04-24T17:00:00,ITA,14,Molise,70,Campobasso,CB,41.55774754,14.65916051,216,,
2020-04-24T17:00:00,ITA,14,Molise,94,Isernia,IS,41.58800826,14.22575407,53,,
2020-04-24T17:00:00,ITA,1,Piemonte,6,Alessandria,AL,44.91297351,8.615401155,3114,,
2020-04-24T17:00:00,ITA,1,Piemonte,5,Asti,AT,44.89912921,8.204142547,1343,,
2020-04-24T17:00:00,ITA,1,Piemonte,96,Biella,BI,45.5665112,8.054082167,900,,
2020-04-24T17:00:00,ITA,1,Piemonte,4,Cuneo,CN,44.39329625,7.551171632000001,2279,,
2020-04-24T17:00:00,ITA,1,Piemonte,3,Novara,NO,45.44588506,8.621915884,2172,,
2020-04-24T17:00:00,ITA,1,Piemonte,1,Torino,TO,45.0732745,7.680687483,11615,,
2020-04-24T17:00:00,ITA,1,Piemonte,103,Verbano-Cusio-Ossola,VB,45.921445500000004,8.551078752999999,970,,
2020-04-24T17:00:00,ITA,1,Piemonte,2,Vercelli,VC,45.32398135,8.423234312,1067,,
2020-04-24T17:00:00,ITA,16,Puglia,72,Bari,BA,41.12559576,16.86736689,1268,,
2020-04-24T17:00:00,ITA,16,Puglia,110,Barletta-Andria-Trani,BT,41.22705039,16.29520432,361,,
2020-04-24T17:00:00,ITA,16,Puglia,74,Brindisi,BR,40.63848545,17.94601575,535,,
2020-04-24T17:00:00,ITA,16,Puglia,71,Foggia,FG,41.46226865,15.54305094,969,,
2020-04-24T17:00:00,ITA,16,Puglia,75,Lecce,LE,40.35354285,18.1718973,466,,
2020-04-24T17:00:00,ITA,16,Puglia,73,Taranto,TA,40.47354739,17.23237181,253,,
2020-04-24T17:00:00,ITA,20,Sardegna,92,Cagliari,CA,39.21531192,9.110616306,229,,
2020-04-24T17:00:00,ITA,20,Sardegna,91,Nuoro,NU,40.32318834,9.330296393,74,,
2020-04-24T17:00:00,ITA,20,Sardegna,95,Oristano,OR,39.90381075,8.591183151000001,52,,
2020-04-24T17:00:00,ITA,20,Sardegna,90,Sassari,SS,40.72667657,8.559667131,811,,
2020-04-24T17:00:00,ITA,20,Sardegna,111,Sud Sardegna,SU,39.16641462,8.526242676,91,,
2020-04-24T17:00:00,ITA,19,Sicilia,84,Agrigento,AG,37.30971088,13.584574900000002,132,,
2020-04-24T17:00:00,ITA,19,Sicilia,85,Caltanissetta,CL,37.49213171,14.06184973,148,,
2020-04-24T17:00:00,ITA,19,Sicilia,87,Catania,CT,37.50287803,15.08704691,926,,
2020-04-24T17:00:00,ITA,19,Sicilia,86,Enna,EN,37.56705701,14.27909375,397,,
2020-04-24T17:00:00,ITA,19,Sicilia,83,Messina,ME,38.19395845,15.55572302,525,,
2020-04-24T17:00:00,ITA,19,Sicilia,82,Palermo,PA,38.11569725,13.362356699999998,435,,
2020-04-24T17:00:00,ITA,19,Sicilia,88,Ragusa,RG,36.92509198,14.73069891,83,,
2020-04-24T17:00:00,ITA,19,Sicilia,89,Siracusa,SR,37.05991687,15.29333182,200,,
2020-04-24T17:00:00,ITA,19,Sicilia,81,Trapani,TP,38.01850065,12.51365684,135,,
2020-04-24T17:00:00,ITA,9,Toscana,51,Arezzo,AR,43.46642752,11.88228844,606,,
2020-04-24T17:00:00,ITA,9,Toscana,48,Firenze,FI,43.76923077,11.25588885,2849,,
2020-04-24T17:00:00,ITA,9,Toscana,53,Grosseto,GR,42.76026758,11.11356398,397,,
2020-04-24T17:00:00,ITA,9,Toscana,49,Livorno,LI,43.55234873,10.3086781,499,,
2020-04-24T17:00:00,ITA,9,Toscana,46,Lucca,LU,43.84432283,10.50151366,1230,,
2020-04-24T17:00:00,ITA,9,Toscana,45,Massa Carrara,MS,44.03674425,10.14173829,966,,
2020-04-24T17:00:00,ITA,9,Toscana,50,Pisa,PI,43.71553206,10.40127259,824,,
2020-04-24T17:00:00,ITA,9,Toscana,47,Pistoia,PT,43.933465000000005,10.91734146,598,,
2020-04-24T17:00:00,ITA,9,Toscana,100,Prato,PO,43.88062274,11.09703315,493,,
2020-04-24T17:00:00,ITA,9,Toscana,52,Siena,SI,43.31816374,11.33190988,415,,
2020-04-24T17:00:00,ITA,4,P.A. Trento,22,Trento,TN,46.06893511,11.12123097,3776,,
2020-04-24T17:00:00,ITA,10,Umbria,54,Perugia,PG,43.10675841,12.38824698,982,,
2020-04-24T17:00:00,ITA,10,Umbria,55,Terni,TR,42.56071258,12.6466875,334,,
2020-04-24T17:00:00,ITA,2,Valle d'Aosta,7,Aosta,AO,45.73750286,7.320149366,1100,,
2020-04-24T17:00:00,ITA,5,Veneto,25,Belluno,BL,46.13837528,12.21704167,1042,,
2020-04-24T17:00:00,ITA,5,Veneto,28,Padova,PD,45.40692987,11.87608718,3794,,
2020-04-24T17:00:00,ITA,5,Veneto,29,Rovigo,RO,45.07107289,11.79007,413,,
2020-04-24T17:00:00,ITA,5,Veneto,26,Treviso,TV,45.66754571,12.24507363,2420,,
2020-04-24T17:00:00,ITA,5,Veneto,27,Venezia,VE,45.43490485,12.33845213,2340,,
2020-04-24T17:00:00,ITA,5,Veneto,23,Verona,VR,45.43839046,10.99352685,4398,,
2020-04-24T17:00:00,ITA,5,Veneto,24,Vicenza,VI,45.547497,11.54597109,2483,,
